plik,oryginal,wymiary_oryg,wymiary,kb
auta/fiat126p/oip.jpg,OIP.webp,298x222,298x222,20
auta/fiat126p/pobierz.jpg,pobierz.webp,309x204,309x204,19
auta/golf2/golf2-2-a10c2b6f88.jpg,Golf2_2_a10c2b6f88.jpg,1111x663,1111x663,162
auta/golf2/mg-4598a-1024x683.jpg,MG_4598a-1024x683.jpg,1024x683,1024x683,44
auta/golf2/mg-4598b.jpg,MG_4598b.jpg,1500x1000,1500x1000,69
auta/golf2/oip.jpg,OIP.jfif,474x266,474x266,30
drogi/zrzut-105537.jpg,Zrzut ekranu_30-9-2026_105537_www.google.com.jpeg,1655x834,1655x834,226
drogi/zrzut-105552.jpg,Zrzut ekranu_30-9-2026_105552_www.google.com.jpeg,1544x802,1544x802,263
drogi/zrzut-105649.jpg,Zrzut ekranu_30-9-2026_105649_www.google.com.jpeg,1847x881,1847x881,232
drogi/zrzut-105753.jpg,Zrzut ekranu_30-9-2026_105753_www.google.com.jpeg,1674x830,1674x830,171
drogi/zrzut-105824.jpg,Zrzut ekranu_30-9-2026_105824_www.google.com.jpeg,1854x776,1854x776,150
drogi/zrzut-105853.jpg,Zrzut ekranu_30-9-2026_105853_www.google.com.jpeg,1815x761,1815x761,227
drogi/zrzut-10585.jpg,Zrzut ekranu_30-9-2026_10585_www.google.com.jpeg,1748x733,1748x733,167
drogi/zrzut-11012.jpg,Zrzut ekranu_30-9-2026_11012_www.google.com.jpeg,1840x727,1840x727,161
drogi/zrzut-1102.jpg,Zrzut ekranu_30-9-2026_1102_www.google.com.jpeg,1672x689,1672x689,154
drogi/zrzut-11238.jpg,Zrzut ekranu_30-9-2026_11238_www.google.com.jpeg,1713x805,1713x805,164
drogi/zrzut-11257.jpg,Zrzut ekranu_30-9-2026_11257_www.google.com.jpeg,1654x773,1654x773,185
drogi/zrzut-11317.jpg,Zrzut ekranu_30-9-2026_11317_www.google.com.jpeg,1678x777,1678x777,169
drogi/zrzut-11328.jpg,Zrzut ekranu_30-9-2026_11328_www.google.com.jpeg,1512x761,1512x761,160
drogi/zrzut-11418.jpg,Zrzut ekranu_30-9-2026_11418_www.google.com.jpeg,1419x657,1419x657,136
drogi/zrzut-11433.jpg,Zrzut ekranu_30-9-2026_11433_www.google.com.jpeg,1562x724,1562x724,160
drogi/zrzut-1143.jpg,Zrzut ekranu_30-9-2026_1143_www.google.com.jpeg,1633x776,1633x776,199
drogi/zrzut-11448.jpg,Zrzut ekranu_30-9-2026_11448_www.google.com.jpeg,1730x721,1730x721,156
drogi/zrzut-11536.jpg,Zrzut ekranu_30-9-2026_11536_www.google.com.jpeg,1432x930,1432x930,139
mapy/droga-na-wioski-i-zalew.jpg,droga na wioski i zalew.jpg,935x760,935x760,134
mapy/miasto-i-park.jpg,miasto i park.jpg,855x843,855x843,201
miasto/img-0799.jpg,IMG_0799.JPG,3024x4032,1500x2000,966
miasto/img-0800.jpg,IMG_0800.JPG,3024x4032,1500x2000,919
miasto/img-0802.jpg,IMG_0802.JPG,3024x4032,1500x2000,1015
miasto/img-0805.jpg,IMG_0805.JPG,3024x4032,1500x2000,531
miasto/img-0806.jpg,IMG_0806.JPG,3024x4032,1500x2000,641
miasto/img-0807.jpg,IMG_0807.JPG,3024x4032,1500x2000,452
miasto/img-0808.jpg,IMG_0808.JPG,3024x4032,1500x2000,545
miasto/img-0836.jpg,IMG_0836.JPG,3024x4032,1500x2000,565
miasto/img-0837.jpg,IMG_0837.JPG,3024x4032,1500x2000,442
miasto/img-0838.jpg,IMG_0838.JPG,3024x4032,1500x2000,438
miasto/img-0839.jpg,IMG_0839.JPG,3024x4032,1500x2000,436
miasto/img-0840.jpg,IMG_0840.JPG,3024x4032,1500x2000,426
miasto/img-0841.jpg,IMG_0841.JPG,3024x4032,1500x2000,453
miasto/img-0842.jpg,IMG_0842.JPG,3024x4032,1500x2000,487
miasto/img-0843.jpg,IMG_0843.JPG,3024x4032,1500x2000,370
miasto/img-0844.jpg,IMG_0844.JPG,3024x4032,1500x2000,360
miasto/img-0845.jpg,IMG_0845.JPG,3024x4032,1500x2000,609
miasto/img-0846.jpg,IMG_0846.JPG,3024x4032,1500x2000,461
miasto/img-0847.jpg,IMG_0847.JPG,3024x4032,1500x2000,647
miasto/img-0848.jpg,IMG_0848.JPG,3024x4032,1500x2000,412
miasto/img-0849.jpg,IMG_0849.JPG,3024x4032,1500x2000,566
miasto/img-0850.jpg,IMG_0850.JPG,3024x4032,1500x2000,551
miasto/img-0851.jpg,IMG_0851.JPG,3024x4032,1500x2000,547
miasto/img-0852.jpg,IMG_0852.JPG,3024x4032,1500x2000,409
miasto/img-0853.jpg,IMG_0853.JPG,3024x4032,1500x2000,322
miasto/img-0854.jpg,IMG_0854.JPG,3024x4032,1500x2000,788
miasto/img-0855.jpg,IMG_0855.JPG,3024x4032,1500x2000,656
miasto/img-0857.jpg,IMG_0857.JPG,3024x4032,1500x2000,516
miasto/img-0858.jpg,IMG_0858.JPG,3024x4032,1500x2000,578
miasto/img-0859.jpg,IMG_0859.JPG,3024x4032,1500x2000,507
miasto/img-0860.jpg,IMG_0860.JPG,3024x4032,1500x2000,515
miasto/img-0873.jpg,IMG_0873.JPG,3024x4032,1500x2000,202
miasto/img-0878.jpg,IMG_0878.JPG,3024x4032,1500x2000,162
miasto/img-0888.jpg,IMG_0888.JPG,3024x4032,1500x2000,149
miasto/img-0889.jpg,IMG_0889.JPG,3024x4032,1500x2000,217
miasto/img-0890.jpg,IMG_0890.JPG,3024x4032,1500x2000,403
miasto/img-0891.jpg,IMG_0891.JPG,3024x4032,1500x2000,523
miasto/img-0892.jpg,IMG_0892.JPG,3024x4032,1500x2000,211
miasto/img-0893.jpg,IMG_0893.JPG,3024x4032,1500x2000,560
miasto/img-0894.jpg,IMG_0894.JPG,3024x4032,1500x2000,493
miasto/img-0896.jpg,IMG_0896.JPG,3024x4032,1500x2000,292
miasto/img-0897.jpg,IMG_0897.JPG,3024x4032,1500x2000,392
miasto/img-0898.jpg,IMG_0898.JPG,3024x4032,1500x2000,571
miasto/img-0899.jpg,IMG_0899.JPG,3024x4032,1500x2000,508
miasto/img-0900.jpg,IMG_0900.JPG,3024x4032,1500x2000,376
miasto/img-0901.jpg,IMG_0901.JPG,3024x4032,1500x2000,448
miasto/img-0902.jpg,IMG_0902.JPG,3024x4032,1500x2000,205
miasto/img-0903.jpg,IMG_0903.JPG,3024x4032,1500x2000,486
miasto/img-0904.jpg,IMG_0904.JPG,3024x4032,1500x2000,452
miasto/img-0905.jpg,IMG_0905.JPG,3024x4032,1500x2000,300
miasto/img-0906.jpg,IMG_0906.JPG,3024x4032,1500x2000,295
miasto/img-0907.jpg,IMG_0907.JPG,3024x4032,1500x2000,459
miasto/img-0908.jpg,IMG_0908.JPG,3024x4032,1500x2000,509
miasto/img-0909.jpg,IMG_0909.JPG,3024x4032,1500x2000,265
miasto/img-0910.jpg,IMG_0910.JPG,3024x4032,1500x2000,414
miasto/img-0912.jpg,IMG_0912.JPG,3024x4032,1500x2000,204
miasto/img-0913.jpg,IMG_0913.JPG,3024x4032,1500x2000,319
miasto/img-0920.jpg,IMG_0920.JPG,3024x4032,1500x2000,773
miasto/img-0921.jpg,IMG_0921.JPG,3024x4032,1500x2000,487
miasto/img-0922.jpg,IMG_0922.JPG,3024x4032,1500x2000,686
miasto/img-0923.jpg,IMG_0923.JPG,3024x4032,1500x2000,604
miasto/img-0924.jpg,IMG_0924.JPG,3024x4032,1500x2000,621
miasto/img-0925.jpg,IMG_0925.JPG,3024x4032,1500x2000,451
miasto/img-0940.jpg,IMG_0940.JPG,4000x3000,2000x1500,441
miasto/img-0941.jpg,IMG_0941.JPG,4000x3000,2000x1500,402
miasto/img-0942.jpg,IMG_0942.JPG,4000x3000,2000x1500,413
miasto/uklad/plik-000.jpg,Plik_000.png,4032x3024,3200x2400,579
miasto/uklad/plik-001.jpg,Plik_001.png,4032x3024,3200x2400,823
miasto/uklad/uklad-miasta-1.jpg,uklad miasta 1.jpg,1350x888,1350x888,381
miasto/uklad/uklad-miasta-2.jpg,uklad miasta 2.jpg,1246x834,1246x834,375
miasto/uklad/uklad-miasta-3.jpg,uklad miasta 3.jpg,1273x878,1273x878,372
park/img-0934.jpg,IMG_0934.JPG,4000x3000,3200x2400,2050
park/img-0935.jpg,IMG_0935.JPG,4000x3000,3200x2400,1892
park/img-0936.jpg,IMG_0936.JPG,2792x2093,2792x2093,1367
park/budowa-parku-przemyslowego.jpg,budowa parku przemyslowego.jpg,820x797,820x797,162
park/miejsce-do-driftu-przy-zbiornikach-wodnych.jpg,miejsce do driftu przy zbiornikach wodnych.jpg,1380x600,1380x600,205
park/miejsce-do-driftu-rzut-z-gory.jpg,"miejsce do driftu, rzut z gory.jpg",714x499,714x499,79
park/opony-do-uzica-na-zakretach.jpg,opony do uzica na zakretach.jpg,1024x559,1024x559,146
park/start-miejsca-do-driftu.jpg,start miejsca do driftu.jpg,1411x875,1411x875,102
wioska/2025-08-20-19-27-30-377.jpg,2025-08-20-19-27-30-377.PNG,1280x720,1280x720,297
wioska/img-0787.jpg,IMG_0787.JPG,6048x8064,1500x2000,752
wioska/img-0788.jpg,IMG_0788.JPG,6048x8064,1500x2000,890
wioska/img-0789.jpg,IMG_0789.JPG,6048x8064,1500x2000,947
wioska/img-0790.jpg,IMG_0790.JPG,6048x8064,1500x2000,1089
wioska/img-0791.jpg,IMG_0791.JPG,6048x8064,1500x2000,868
wioska/img-0792.jpg,IMG_0792.JPG,6048x8064,1500x2000,881
wioska/img-0793.jpg,IMG_0793.JPG,6048x8064,1500x2000,822
wioska/img-0938.jpg,IMG_0938.JPG,4000x2250,2000x1125,335
wioska/img-0939.jpg,IMG_0939.JPG,4000x2250,2000x1125,442
wioska/kopsciol-oip.jpg,kopsciol OIP.webp,474x370,474x370,61
wioska/kosciol-2.jpg,kosciol 2.jfif,2560x1858,2000x1452,766
wioska/swiatlo-wioska.jpg,swiatlo wioska.jpg,3024x4032,1500x2000,321
